category	status	added_lines	removed_lines	path
source, runtime and data	modified	16	16	data/articles.extracted.json
source, runtime and data	modified	20	20	data/articles.json
translations	modified	40	7	data/i18n/quote-form/da.json
translations	modified	40	7	data/i18n/quote-form/de.json
translations	modified	40	7	data/i18n/quote-form/en.json
translations	modified	363	6	data/i18n/quote-form/fr.json
translations	modified	40	7	data/i18n/quote-form/he.json
translations	modified	47	7	data/i18n/quote-form/nl.json
translations	modified	40	7	data/i18n/quote-form/pl.json
translations	modified	39	6	data/i18n/quote-form/pt.json
translations	modified	40	7	data/i18n/quote-form/sv.json
translations	modified	40	7	data/i18n/quote-form/zh.json
source, runtime and data	new	75	0	data/quotation-enquiry-routes.json
source, runtime and data	new	62	0	data/quotation-routes.json
documentation	new	402	0	docs/final-pre-push-files.tsv
documentation	new	158	0	docs/final-pre-push-verification.md
documentation	new	176	0	docs/quotation-form-changes.tsv
documentation	new	232	0	docs/quotation-form-commit-audit.md
documentation	new	92	0	docs/quotation-forms-correction.md
documentation	new	135	0	docs/quotation-route-inventory.tsv
source, runtime and data	modified	6	1	netlify/functions/lib/lead-classification.mjs
source, runtime and data	modified	2	2	netlify/functions/lib/quote-requests-sync.mjs
source, runtime and data	modified	33	2	netlify/functions/submission-created.mjs
source, runtime and data	modified	18	0	public/css/ar-quote-wizard.css
published HTML/pages (generated or maintained source)	modified	7	7	public/de/anwartschaftsversicherung-portugal/index.html
published HTML/pages (generated or maintained source)	modified	9	8	public/de/autoversicherung-portugal/index.html
published HTML/pages (generated or maintained source)	modified	10	9	public/de/berufshaftpflicht-freiberufler-portugal/index.html
published HTML/pages (generated or maintained source)	modified	6	6	public/de/berufshaftpflicht-therapeuten-wellness-portugal/index.html
published HTML/pages (generated or maintained source)	modified	13	12	public/de/hausversicherung-portugal/index.html
published HTML/pages (generated or maintained source)	modified	39	240	public/de/index.html
published HTML/pages (generated or maintained source)	modified	7	7	public/de/isv-befreiung-fahrzeugimport-portugal/index.html
published HTML/pages (generated or maintained source)	modified	8	6	public/de/krankenversicherung-portugal/index.html
published HTML/pages (generated or maintained source)	modified	8	7	public/de/lebensversicherung-portugal/index.html
published HTML/pages (generated or maintained source)	modified	6	6	public/de/nicht-legalisierte-immobilie-versichern-portugal/index.html
published HTML/pages (generated or maintained source)	modified	2	2	public/de/private-clients-portugal/index.html
published HTML/pages (generated or maintained source)	modified	1	1	public/de/private-clients/index.html
published HTML/pages (generated or maintained source)	modified	6	6	public/de/s1-formular-rentner-portugal/index.html
published HTML/pages (generated or maintained source)	modified	6	6	public/de/umzug-deutschland-portugal-versicherung/index.html
published HTML/pages (generated or maintained source)	modified	7	7	public/de/versicherung-algarve/index.html
published HTML/pages (generated or maintained source)	modified	7	7	public/de/versicherung-carvoeiro/index.html
published HTML/pages (generated or maintained source)	modified	7	7	public/de/versicherung-cascais/index.html
published HTML/pages (generated or maintained source)	modified	7	7	public/de/versicherung-comporta/index.html
published HTML/pages (generated or maintained source)	modified	7	7	public/de/versicherung-lagos/index.html
published HTML/pages (generated or maintained source)	modified	7	7	public/de/versicherung-lissabon/index.html
published HTML/pages (generated or maintained source)	modified	7	7	public/de/versicherung-portimao/index.html
published HTML/pages (generated or maintained source)	modified	7	7	public/de/versicherung-quinta-do-lago/index.html
published HTML/pages (generated or maintained source)	modified	1	1	public/de/versicherung-tavira/index.html
published HTML/pages (generated or maintained source)	modified	7	7	public/de/versicherung-vilamoura/index.html
published HTML/pages (generated or maintained source)	modified	6	6	public/de/vorerkrankungen-krankenversicherung-portugal/index.html
published HTML/pages (generated or maintained source)	modified	4	3	public/dk/ansvarsforsikring-portugal/index.html
published HTML/pages (generated or maintained source)	modified	3	2	public/dk/bilforsikring-portugal/index.html
published HTML/pages (generated or maintained source)	modified	8	7	public/dk/husforsikring-portugal/index.html
published HTML/pages (generated or maintained source)	modified	22	144	public/dk/index.html
published HTML/pages (generated or maintained source)	modified	3	1	public/dk/sundhedsforsikring-portugal/index.html
published HTML/pages (generated or maintained source)	modified	8	8	public/en/about/index.html
published HTML/pages (generated or maintained source)	modified	11	11	public/en/apartment-insurance-portugal/index.html
published HTML/pages (generated or maintained source)	modified	19	19	public/en/blog/20-years-tourism-hospitality-insurance/index.html
published HTML/pages (generated or maintained source)	modified	12	12	public/en/blog/adler-pro-saas-platform/index.html
published HTML/pages (generated or maintained source)	modified	9	9	public/en/blog/algarve-home-earns-income-personal-use-vs-al-cover/index.html
published HTML/pages (generated or maintained source)	modified	23	23	public/en/blog/allianz-april-medis-health-insurance-portugal-2026/index.html
published HTML/pages (generated or maintained source)	modified	12	12	public/en/blog/allianz-health-insurance-portugal/index.html
published HTML/pages (generated or maintained source)	modified	14	14	public/en/blog/allianz-home-insurance-portugal/index.html
published HTML/pages (generated or maintained source)	modified	9	9	public/en/blog/alojamento-local-insurance-requirements/index.html
published HTML/pages (generated or maintained source)	modified	14	14	public/en/blog/april-international-health-insurance-portugal/index.html
published HTML/pages (generated or maintained source)	modified	10	10	public/en/blog/art-collection-household-policy-portugal/index.html
published HTML/pages (generated or maintained source)	modified	19	19	public/en/blog/bars-restaurants-insurance-claims/index.html
published HTML/pages (generated or maintained source)	modified	17	17	public/en/blog/best-home-insurance-portugal-2026/index.html
published HTML/pages (generated or maintained source)	modified	5	5	public/en/blog/boat-insurance-portugal/index.html
published HTML/pages (generated or maintained source)	modified	13	13	public/en/blog/british-expats-brexit-insurance-portugal/index.html
published HTML/pages (generated or maintained source)	modified	9	9	public/en/blog/building-home-portugal-promoter-insurance-seguro-decenal/index.html
published HTML/pages (generated or maintained source)	modified	9	9	public/en/blog/business-insurance-policy-review/index.html
published HTML/pages (generated or maintained source)	modified	5	5	public/en/blog/canadian-driving-record-car-insurance-portugal/index.html
published HTML/pages (generated or maintained source)	modified	5	5	public/en/blog/canadian-non-resident-property-insurance-portugal/index.html
published HTML/pages (generated or maintained source)	modified	5	5	public/en/blog/canadian-provincial-health-coverage-portugal/index.html
published HTML/pages (generated or maintained source)	modified	18	18	public/en/blog/car-insurance-complete-guide/index.html
published HTML/pages (generated or maintained source)	modified	15	15	public/en/blog/car-insurance-cost-portugal/index.html
published HTML/pages (generated or maintained source)	modified	15	15	public/en/blog/car-insurance-expatriates/index.html
published HTML/pages (generated or maintained source)	modified	1	1	public/en/blog/car-insurance-spain-expats/index.html
published HTML/pages (generated or maintained source)	modified	6	6	public/en/blog/category/business-liability/index.html
published HTML/pages (generated or maintained source)	modified	7	7	public/en/blog/category/business-liability/page/2/index.html
published HTML/pages (generated or maintained source)	modified	7	7	public/en/blog/category/health-insurance/index.html
published HTML/pages (generated or maintained source)	modified	6	6	public/en/blog/category/health-insurance/page/2/index.html
published HTML/pages (generated or maintained source)	modified	7	7	public/en/blog/category/health-insurance/page/3/index.html
published HTML/pages (generated or maintained source)	modified	6	6	public/en/blog/category/holiday-lets-hospitality/index.html
published HTML/pages (generated or maintained source)	modified	6	6	public/en/blog/category/home-property/index.html
published HTML/pages (generated or maintained source)	modified	6	6	public/en/blog/category/home-property/page/2/index.html
published HTML/pages (generated or maintained source)	modified	6	6	public/en/blog/category/home-property/page/3/index.html
published HTML/pages (generated or maintained source)	modified	6	6	public/en/blog/category/home-property/page/4/index.html
published HTML/pages (generated or maintained source)	modified	6	6	public/en/blog/category/marine/index.html
published HTML/pages (generated or maintained source)	modified	7	7	public/en/blog/category/motor/index.html
published HTML/pages (generated or maintained source)	modified	6	6	public/en/blog/category/motor/page/2/index.html
published HTML/pages (generated or maintained source)	modified	7	7	public/en/blog/category/moving-to-portugal/index.html
published HTML/pages (generated or maintained source)	modified	6	6	public/en/blog/category/personal-family/index.html
published HTML/pages (generated or maintained source)	modified	6	6	public/en/blog/category/spain-car/index.html
published HTML/pages (generated or maintained source)	modified	6	6	public/en/blog/category/spain-health/index.html
published HTML/pages (generated or maintained source)	modified	6	6	public/en/blog/category/spain-life/index.html
published HTML/pages (generated or maintained source)	modified	6	6	public/en/blog/category/spain-private-clients/index.html
published HTML/pages (generated or maintained source)	modified	6	6	public/en/blog/category/spain-property/index.html
published HTML/pages (generated or maintained source)	modified	6	6	public/en/blog/category/valuables-collections/index.html
published HTML/pages (generated or maintained source)	modified	6	6	public/en/blog/category/valuables-collections/page/2/index.html
published HTML/pages (generated or maintained source)	modified	9	9	public/en/blog/change-bank-home-insurance-portugal/index.html
published HTML/pages (generated or maintained source)	modified	5	5	public/en/blog/classic-collector-cars-portugal-matriculation-agreed-value/index.html
published HTML/pages (generated or maintained source)	modified	9	9	public/en/blog/coastal-clifftop-properties-algarve-subsidence-erosion-flood/index.html
published HTML/pages (generated or maintained source)	modified	1	1	public/en/blog/community-insurance-apartment-owners-spain/index.html
published HTML/pages (generated or maintained source)	modified	5	5	public/en/blog/condominium-insurance-doesnt-cover-contents/index.html
published HTML/pages (generated or maintained source)	modified	9	9	public/en/blog/construction-works-insurance/index.html
published HTML/pages (generated or maintained source)	modified	9	9	public/en/blog/cyber-insurance-businesses-portugal/index.html
published HTML/pages (generated or maintained source)	modified	13	13	public/en/blog/d7-visa-health-insurance-valid-proof/index.html
published HTML/pages (generated or maintained source)	modified	5	5	public/en/blog/declined-health-cover-portugal/index.html
published HTML/pages (generated or maintained source)	modified	3	3	public/en/blog/destination-wedding-cancellation-insurance-algarve/index.html
published HTML/pages (generated or maintained source)	modified	9	9	public/en/blog/directors-and-officers-insurance-d-o/index.html
published HTML/pages (generated or maintained source)	modified	6	6	public/en/blog/disputing-sum-insured-portugal/index.html
published HTML/pages (generated or maintained source)	modified	9	9	public/en/blog/distribution-companies-insurance/index.html
published HTML/pages (generated or maintained source)	modified	3	3	public/en/blog/divorce-separation-jointly-held-cover-unravels/index.html
published HTML/pages (generated or maintained source)	modified	6	6	public/en/blog/do-exposure-non-executive-directors-abroad/index.html
published HTML/pages (generated or maintained source)	modified	9	9	public/en/blog/documents-to-insure-property-portugal/index.html
published HTML/pages (generated or maintained source)	modified	9	9	public/en/blog/domestic-staff-insurance-portugal/index.html
published HTML/pages (generated or maintained source)	modified	12	12	public/en/blog/earthquake-cover-algarve-buildings/index.html
published HTML/pages (generated or maintained source)	modified	3	3	public/en/blog/employing-nanny-driver-gardener-home-employer-obligation/index.html
published HTML/pages (generated or maintained source)	modified	1	1	public/en/blog/family-insurance-spain/index.html
published HTML/pages (generated or maintained source)	modified	5	5	public/en/blog/family-liability-cover-portugal/index.html
published HTML/pages (generated or maintained source)	modified	3	3	public/en/blog/family-moving-to-portugal-insurance/index.html
published HTML/pages (generated or maintained source)	modified	3	3	public/en/blog/fiduciary-family-office-liability-portugal/index.html
published HTML/pages (generated or maintained source)	modified	3	3	public/en/blog/fiscal-representation-portugal-explained/index.html
published HTML/pages (generated or maintained source)	modified	3	3	public/en/blog/fiscal-representation-property-owners-portugal/index.html
published HTML/pages (generated or maintained source)	modified	8	8	public/en/blog/fleet-insurance-common-mistakes/index.html
published HTML/pages (generated or maintained source)	modified	1	1	public/en/blog/foreign-driving-licence-car-insurance-spain/index.html
published HTML/pages (generated or maintained source)	modified	1	1	public/en/blog/foreign-registered-car-insurance-spain/index.html
published HTML/pages (generated or maintained source)	modified	13	13	public/en/blog/getting-insurance-portugal-before-nif-residency/index.html
published HTML/pages (generated or maintained source)	modified	7	7	public/en/blog/golf-resort-properties-insurance-portugal/index.html
published HTML/pages (generated or maintained source)	modified	5	5	public/en/blog/health-cover-70-75-portugal/index.html
published HTML/pages (generated or maintained source)	modified	13	13	public/en/blog/health-insurance-cost-portugal-2026/index.html
published HTML/pages (generated or maintained source)	modified	16	16	public/en/blog/health-insurance-expats-portugal/index.html
published HTML/pages (generated or maintained source)	modified	1	1	public/en/blog/health-insurance-moving-to-spain/index.html
published HTML/pages (generated or maintained source)	modified	18	18	public/en/blog/health-insurance-portugal-americans/index.html
published HTML/pages (generated or maintained source)	modified	4	4	public/en/blog/health-insurance-portugal-residency-visa/index.html
published HTML/pages (generated or maintained source)	modified	3	3	public/en/blog/health-insurance-portugal-usa/index.html
published HTML/pages (generated or maintained source)	modified	19	19	public/en/blog/health-insurance-portugal/index.html
published HTML/pages (generated or maintained source)	modified	4	4	public/en/blog/health-insurance-requirements-portuguese-residence-visas/index.html
published HTML/pages (generated or maintained source)	modified	5	5	public/en/blog/health-insurance-waiting-periods-portugal/index.html
published HTML/pages (generated or maintained source)	modified	3	3	public/en/blog/high-value-bicycles-e-bikes-cover-away-from-home/index.html
published HTML/pages (generated or maintained source)	modified	1	1	public/en/blog/high-value-home-insurance-spain/index.html
published HTML/pages (generated or maintained source)	modified	10	10	public/en/blog/hiscox-home-insurance-portugal/index.html
published HTML/pages (generated or maintained source)	modified	16	16	public/en/blog/holiday-home-insurance-portugal/index.html
published HTML/pages (generated or maintained source)	modified	10	10	public/en/blog/home-insurance-comporta-melides/index.html
published HTML/pages (generated or maintained source)	modified	11	11	public/en/blog/home-insurance-cost-algarve-price-drivers/index.html
published HTML/pages (generated or maintained source)	modified	10	10	public/en/blog/home-insurance-lagoa-carvoeiro/index.html
published HTML/pages (generated or maintained source)	modified	15	15	public/en/blog/home-insurance-lagos/index.html
published HTML/pages (generated or maintained source)	modified	16	16	public/en/blog/home-insurance-legalization/index.html
published HTML/pages (generated or maintained source)	modified	9	9	public/en/blog/home-insurance-loule-almancil/index.html
published HTML/pages (generated or maintained source)	modified	12	12	public/en/blog/home-insurance-multi-risk/index.html
published HTML/pages (generated or maintained source)	modified	18	18	public/en/blog/home-insurance-protect-property/index.html
published HTML/pages (generated or maintained source)	modified	10	10	public/en/blog/home-insurance-quinta-do-lago-vale-do-lobo/index.html
published HTML/pages (generated or maintained source)	modified	10	10	public/en/blog/home-insurance-sagres-vila-do-bispo/index.html
published HTML/pages (generated or maintained source)	modified	10	10	public/en/blog/home-insurance-sintra-cascais-villas/index.html
published HTML/pages (generated or maintained source)	modified	9	9	public/en/blog/home-insurance-tavira/index.html
published HTML/pages (generated or maintained source)	modified	10	10	public/en/blog/home-insurance-troia-setubal/index.html
published HTML/pages (generated or maintained source)	modified	7	7	public/en/blog/home-staff-quarters-guest-annexes-outbuildings/index.html
published HTML/pages (generated or maintained source)	modified	5	5	public/en/blog/how-specialist-risks-are-placed-portugal/index.html
published HTML/pages (generated or maintained source)	modified	3	3	public/en/blog/how-to-get-nif-portugal-non-resident/index.html
published HTML/pages (generated or maintained source)	modified	5	5	public/en/blog/importing-a-car-to-portugal/index.html
published HTML/pages (generated or maintained source)	modified	1	1	public/en/blog/importing-car-to-spain-insurance/index.html
published HTML/pages (generated or maintained source)	modified	5	5	public/en/blog/importing-registering-a-boat-portugal/index.html
published HTML/pages (generated or maintained source)	modified	10	10	public/en/blog/index.html
published HTML/pages (generated or maintained source)	modified	17	17	public/en/blog/individual-car-insurance/index.html
published HTML/pages (generated or maintained source)	modified	5	5	public/en/blog/insurance-before-residency-d7-d8-golden-visa/index.html
published HTML/pages (generated or maintained source)	modified	3	3	public/en/blog/insurance-buying-property-portugal/index.html
published HTML/pages (generated or maintained source)	modified	1	1	public/en/blog/insurance-buying-property-spain/index.html
published HTML/pages (generated or maintained source)	modified	18	18	public/en/blog/insurance-claim-portugal-no-portuguese/index.html
published HTML/pages (generated or maintained source)	modified	3	3	public/en/blog/insurance-domestic-staff-portugal/index.html
published HTML/pages (generated or maintained source)	modified	13	13	public/en/blog/insurance-guide-americans-moving-to-portugal/index.html
published HTML/pages (generated or maintained source)	modified	1	1	public/en/blog/insurance-portugal-spain-international-residents/index.html
published HTML/pages (generated or maintained source)	modified	4	4	public/en/blog/insurance-private-staff-travel-household/index.html
published HTML/pages (generated or maintained source)	modified	1	1	public/en/blog/insurance-review-expats-spain/index.html
published HTML/pages (generated or maintained source)	modified	5	5	public/en/blog/insuring-a-high-value-apartment-lisbon-cascais/index.html
published HTML/pages (generated or maintained source)	modified	5	5	public/en/blog/insuring-antiques-collections-portugal/index.html
published HTML/pages (generated or maintained source)	modified	3	3	public/en/blog/insuring-appreciating-asset-agreed-value-market-value-cars-wine-art/index.html
published HTML/pages (generated or maintained source)	modified	5	5	public/en/blog/insuring-art-portugal/index.html
published HTML/pages (generated or maintained source)	modified	5	5	public/en/blog/insuring-car-collection-multiple-vehicles-portugal/index.html
published HTML/pages (generated or maintained source)	modified	5	5	public/en/blog/insuring-jewellery-watches-portugal/index.html
published HTML/pages (generated or maintained source)	modified	5	5	public/en/blog/insuring-musical-instruments-portugal/index.html
published HTML/pages (generated or maintained source)	modified	8	8	public/en/blog/insuring-property-portfolio-two-jurisdictions/index.html
published HTML/pages (generated or maintained source)	modified	5	5	public/en/blog/insuring-valuables-portugal/index.html
published HTML/pages (generated or maintained source)	modified	11	11	public/en/blog/international-health-cover-children-school-abroad/index.html
published HTML/pages (generated or maintained source)	modified	5	5	public/en/blog/irish-no-claims-bonus-car-insurance-portugal/index.html
published HTML/pages (generated or maintained source)	modified	5	5	public/en/blog/irish-owners-algarve-holiday-home-insurance/index.html
published HTML/pages (generated or maintained source)	modified	4	4	public/en/blog/key-person-insurance-businesses-abroad/index.html
published HTML/pages (generated or maintained source)	modified	5	5	public/en/blog/lay-up-lifting-winter-boat-cover-portugal/index.html
published HTML/pages (generated or maintained source)	modified	5	5	public/en/blog/lei-71-2013-therapies-liability-portugal/index.html
published HTML/pages (generated or maintained source)	modified	9	9	public/en/blog/liability-insurance-complementary-therapies/index.html
published HTML/pages (generated or maintained source)	modified	10	10	public/en/blog/liberty-mutual-home-insurance-portugal/index.html
published HTML/pages (generated or maintained source)	modified	2	2	public/en/blog/life-insurance-spain-expats/index.html
published HTML/pages (generated or maintained source)	modified	11	11	public/en/blog/long-term-care-planning-foreign-residents-portugal/index.html
published HTML/pages (generated or maintained source)	modified	5	5	public/en/blog/luxury-car-insurance-portugal/index.html
published HTML/pages (generated or maintained source)	modified	5	5	public/en/blog/luxury-home-insurance-portugal/index.html
published HTML/pages (generated or maintained source)	modified	7	7	public/en/blog/making-a-claim-portugal-us-perspective/index.html
published HTML/pages (generated or maintained source)	modified	13	13	public/en/blog/mandatory-insurance-companies-portugal/index.html
published HTML/pages (generated or maintained source)	modified	15	15	public/en/blog/mandatory-insurance-hospitality-tourism/index.html
published HTML/pages (generated or maintained source)	modified	5	5	public/en/blog/massage-spa-therapist-liability-insurance-portugal/index.html
published HTML/pages (generated or maintained source)	modified	3	3	public/en/blog/medical-evacuation-repatriation-cover-portugal/index.html
published HTML/pages (generated or maintained source)	modified	11	11	public/en/blog/medical-evacuation-repatriation-cover-residents-travel-constantly/index.html
published HTML/pages (generated or maintained source)	modified	13	13	public/en/blog/medis-health-insurance-portugal/index.html
published HTML/pages (generated or maintained source)	modified	5	5	public/en/blog/mgen-health-insurance-portugal/index.html
published HTML/pages (generated or maintained source)	modified	5	5	public/en/blog/mgen-medis-allianz-april-acceptance-comparison/index.html
published HTML/pages (generated or maintained source)	modified	13	13	public/en/blog/mortgage-life-insurance-foreign-buyers-portugal/index.html
published HTML/pages (generated or maintained source)	modified	1	1	public/en/blog/mortgage-life-insurance-spain/index.html
published HTML/pages (generated or maintained source)	modified	5	5	public/en/blog/mortgage-sum-insured-vs-rebuild-cost-portugal/index.html
published HTML/pages (generated or maintained source)	modified	11	11	public/en/blog/moving-to-portugal-pre-existing-condition-health-cover/index.html
published HTML/pages (generated or maintained source)	modified	4	4	public/en/blog/nif-fiscal-representation-d7-visa-health-insurance/index.html
published HTML/pages (generated or maintained source)	modified	1	1	public/en/blog/no-claims-history-car-insurance-spain/index.html
published HTML/pages (generated or maintained source)	modified	1	1	public/en/blog/non-resident-property-insurance-spain/index.html
published HTML/pages (generated or maintained source)	modified	5	5	public/en/blog/outdated-insured-values/index.html
published HTML/pages (generated or maintained source)	modified	9	9	public/en/blog/page/10/index.html
published HTML/pages (generated or maintained source)	modified	9	9	public/en/blog/page/11/index.html
published HTML/pages (generated or maintained source)	modified	9	9	public/en/blog/page/12/index.html
published HTML/pages (generated or maintained source)	modified	10	10	public/en/blog/page/13/index.html
published HTML/pages (generated or maintained source)	modified	11	11	public/en/blog/page/14/index.html
published HTML/pages (generated or maintained source)	modified	10	10	public/en/blog/page/15/index.html
published HTML/pages (generated or maintained source)	modified	9	9	public/en/blog/page/2/index.html
published HTML/pages (generated or maintained source)	modified	9	9	public/en/blog/page/3/index.html
published HTML/pages (generated or maintained source)	modified	9	9	public/en/blog/page/4/index.html
published HTML/pages (generated or maintained source)	modified	9	9	public/en/blog/page/5/index.html
published HTML/pages (generated or maintained source)	modified	9	9	public/en/blog/page/6/index.html
published HTML/pages (generated or maintained source)	modified	9	9	public/en/blog/page/7/index.html
published HTML/pages (generated or maintained source)	modified	9	9	public/en/blog/page/8/index.html
published HTML/pages (generated or maintained source)	modified	10	10	public/en/blog/page/9/index.html
published HTML/pages (generated or maintained source)	modified	5	5	public/en/blog/personal-fraud-and-extortion-cover-portugal/index.html
published HTML/pages (generated or maintained source)	modified	5	5	public/en/blog/personal-legal-expenses-cover-portugal/index.html
published HTML/pages (generated or maintained source)	modified	5	5	public/en/blog/pilates-tai-chi-instructor-liability-insurance-portugal/index.html
published HTML/pages (generated or maintained source)	modified	5	5	public/en/blog/portuguese-vs-international-health-insurance/index.html
published HTML/pages (generated or maintained source)	modified	19	19	public/en/blog/pre-existing-conditions-health-insurance-portugal/index.html
published HTML/pages (generated or maintained source)	modified	13	13	public/en/blog/private-health-insurance-pre-existing-condition-portugal/index.html
published HTML/pages (generated or maintained source)	modified	1	1	public/en/blog/private-health-insurance-spain-expats/index.html
published HTML/pages (generated or maintained source)	modified	5	5	public/en/blog/private-use-vs-charter-boat-cover-portugal/index.html
published HTML/pages (generated or maintained source)	modified	3	3	public/en/blog/prize-indemnity-hole-in-one-insurance-algarve/index.html
published HTML/pages (generated or maintained source)	modified	9	9	public/en/blog/professional-indemnity-insurance/index.html
published HTML/pages (generated or maintained source)	modified	5	5	public/en/blog/professional-indemnity-requirements-portugal/index.html
published HTML/pages (generated or maintained source)	modified	10	10	public/en/blog/property-held-company-structure-insurance/index.html
published HTML/pages (generated or maintained source)	modified	9	9	public/en/blog/property-title-risk-portugal/index.html
published HTML/pages (generated or maintained source)	modified	5	5	public/en/blog/psychologists-nutritionists-liability-portugal/index.html
published HTML/pages (generated or maintained source)	modified	9	9	public/en/blog/ransomware-portugal-cyber-risks/index.html
published HTML/pages (generated or maintained source)	modified	9	9	public/en/blog/real-estate-partnerships-commissions/index.html
published HTML/pages (generated or maintained source)	modified	5	5	public/en/blog/relocating-with-chronic-condition-portugal/index.html
published HTML/pages (generated or maintained source)	modified	7	7	public/en/blog/renovating-listed-heritage-property-portugal/index.html
published HTML/pages (generated or maintained source)	modified	1	1	public/en/blog/renting-out-property-in-spain/index.html
published HTML/pages (generated or maintained source)	modified	13	13	public/en/blog/retiring-algarve-health-cover-65-plus/index.html
published HTML/pages (generated or maintained source)	modified	5	5	public/en/blog/retreat-organisers-liability-portugal/index.html
published HTML/pages (generated or maintained source)	modified	5	5	public/en/blog/safes-alarms-underwriting-requirements-portugal/index.html
published HTML/pages (generated or maintained source)	modified	1	1	public/en/blog/second-home-insurance-spain/index.html
published HTML/pages (generated or maintained source)	modified	11	11	public/en/blog/second-home-rent-out-holiday-let-standard-home-cover/index.html
published HTML/pages (generated or maintained source)	modified	9	9	public/en/blog/second-homes-empty-months-unoccupancy-clause-voids-cover/index.html
published HTML/pages (generated or maintained source)	modified	5	5	public/en/blog/setting-rebuild-value-portugal/index.html
published HTML/pages (generated or maintained source)	modified	3	3	public/en/blog/setting-up-company-portugal-foreigners/index.html
published HTML/pages (generated or maintained source)	modified	5	5	public/en/blog/shipping-a-collection-to-portugal/index.html
published HTML/pages (generated or maintained source)	modified	13	13	public/en/blog/sns-vs-private-insurance-expats-portugal/index.html
published HTML/pages (generated or maintained source)	modified	9	9	public/en/blog/solar-panels-home-batteries-ev-chargers-policy-modern/index.html
published HTML/pages (generated or maintained source)	modified	1	1	public/en/blog/spain-health-insurance-visa-residency/index.html
published HTML/pages (generated or maintained source)	modified	9	9	public/en/blog/swimming-pools-jetties-private-access-liability-nobody-insures/index.html
published HTML/pages (generated or maintained source)	modified	5	5	public/en/blog/total-loss-settlement-portugal/index.html
published HTML/pages (generated or maintained source)	modified	3	3	public/en/blog/track-days-performance-driving-motor-policy-exclusion/index.html
published HTML/pages (generated or maintained source)	modified	12	12	public/en/blog/travel-insurance-expats-portugal/index.html
published HTML/pages (generated or maintained source)	modified	14	14	public/en/blog/tvde-insurance-portugal/index.html
published HTML/pages (generated or maintained source)	modified	5	5	public/en/blog/us-buyers-property-cover-portugal/index.html
published HTML/pages (generated or maintained source)	modified	5	5	public/en/blog/us-driving-record-car-insurance-portugal/index.html
published HTML/pages (generated or maintained source)	modified	5	5	public/en/blog/us-umbrella-vs-portuguese-liability-insurance/index.html
published HTML/pages (generated or maintained source)	modified	5	5	public/en/blog/valuations-portugal-who-what-how-often/index.html
published HTML/pages (generated or maintained source)	modified	5	5	public/en/blog/vhi-laya-irish-life-portugal-health-insurance/index.html
published HTML/pages (generated or maintained source)	modified	5	5	public/en/blog/waiver-of-average-portugal/index.html
published HTML/pages (generated or maintained source)	modified	3	3	public/en/blog/watches-jewellery-travelling-worldwide-all-risks/index.html
published HTML/pages (generated or maintained source)	modified	9	9	public/en/blog/water-damage-claim-portugal/index.html
published HTML/pages (generated or maintained source)	modified	5	5	public/en/blog/wine-cellars-home-storage-valuation-cover/index.html
published HTML/pages (generated or maintained source)	modified	5	5	public/en/blog/worldwide-cover-personal-possessions-portugal/index.html
published HTML/pages (generated or maintained source)	modified	5	5	public/en/blog/yacht-insurance-algarve-marinas/index.html
published HTML/pages (generated or maintained source)	modified	5	5	public/en/blog/yoga-instructor-liability-insurance-portugal/index.html
published HTML/pages (generated or maintained source)	modified	14	14	public/en/blog/zurich-home-insurance-portugal/index.html
published HTML/pages (generated or maintained source)	modified	15	14	public/en/car-insurance-portugal/index.html
published HTML/pages (generated or maintained source)	modified	2	2	public/en/car-insurance-spain/index.html
published HTML/pages (generated or maintained source)	modified	9	9	public/en/claims-support/index.html
published HTML/pages (generated or maintained source)	modified	8	8	public/en/condominium-insurance-algarve/index.html
published HTML/pages (generated or maintained source)	modified	12	12	public/en/earthquake-insurance-portugal/index.html
published HTML/pages (generated or maintained source)	modified	9	9	public/en/expat-insurance-lagos-portugal/index.html
published HTML/pages (generated or maintained source)	modified	20	20	public/en/expat-insurance-portugal/index.html
published HTML/pages (generated or maintained source)	modified	4	4	public/en/expat-insurance-spain/index.html
published HTML/pages (generated or maintained source)	modified	5	5	public/en/expat-visa-insurance-portugal/index.html
published HTML/pages (generated or maintained source)	modified	2	2	public/en/fiscal-representation-portugal/index.html
published HTML/pages (generated or maintained source)	modified	11	11	public/en/flood-insurance-portugal/index.html
published HTML/pages (generated or maintained source)	modified	12	10	public/en/health-insurance-quote/index.html
published HTML/pages (generated or maintained source)	modified	2	2	public/en/health-insurance-spain/index.html
published HTML/pages (generated or maintained source)	modified	18	17	public/en/home-insurance-quote/index.html
published HTML/pages (generated or maintained source)	modified	2	2	public/en/home-insurance-spain/index.html
published HTML/pages (generated or maintained source)	modified	8	8	public/en/how-we-work/index.html
published HTML/pages (generated or maintained source)	modified	53	260	public/en/index.html
published HTML/pages (generated or maintained source)	modified	13	13	public/en/insurance-for-americans-in-portugal/index.html
published HTML/pages (generated or maintained source)	modified	11	11	public/en/insurance-for-canadians-portugal/index.html
published HTML/pages (generated or maintained source)	modified	11	11	public/en/insurance-for-irish-residents-portugal/index.html
published HTML/pages (generated or maintained source)	modified	12	12	public/en/insurance-review/index.html
published HTML/pages (generated or maintained source)	modified	5	5	public/en/insurance/tvde/index.html
published HTML/pages (generated or maintained source)	modified	11	11	public/en/international-health-insurance-portugal/index.html
published HTML/pages (generated or maintained source)	modified	6	6	public/en/landlord-insurance-portugal/index.html
published HTML/pages (generated or maintained source)	modified	2	2	public/en/landlord-insurance-spain/index.html
published HTML/pages (generated or maintained source)	modified	5	5	public/en/landlord-liability-insurance-portugal/index.html
published HTML/pages (generated or maintained source)	modified	2	2	public/en/life-insurance-spain/index.html
published HTML/pages (generated or maintained source)	modified	2	2	public/en/mortgage-protection-spain/index.html
published HTML/pages (generated or maintained source)	modified	5	5	public/en/non-resident-landlord-insurance-portugal/index.html
published HTML/pages (generated or maintained source)	modified	3	3	public/en/privacy-policy/index.html
published HTML/pages (generated or maintained source)	modified	1	1	public/en/private-clients/index.html
published HTML/pages (generated or maintained source)	modified	12	11	public/en/professional-liability-insurance-portugal/index.html
published HTML/pages (generated or maintained source)	modified	2	2	public/en/relocation-services/index.html
published HTML/pages (generated or maintained source)	modified	5	5	public/en/rental-property-insurance-portugal/index.html
published HTML/pages (generated or maintained source)	modified	11	11	public/en/second-home-insurance-portugal/index.html
published HTML/pages (generated or maintained source)	modified	5	5	public/en/terms-and-conditions/index.html
published HTML/pages (generated or maintained source)	modified	2	2	public/en/thank-you/index.html
published HTML/pages (generated or maintained source)	modified	11	11	public/en/unoccupied-home-insurance-portugal/index.html
published HTML/pages (generated or maintained source)	modified	28	28	public/en/why-use-an-insurance-broker/index.html
published HTML/pages (generated or maintained source)	new	68	0	public/fr/devis-auto/index.html
published HTML/pages (generated or maintained source)	new	68	0	public/fr/devis-habitacao/index.html
published HTML/pages (generated or maintained source)	new	68	0	public/fr/devis-profissional/index.html
published HTML/pages (generated or maintained source)	new	69	0	public/fr/devis-saude/index.html
published HTML/pages (generated or maintained source)	modified	16	31	public/fr/index.html
published HTML/pages (generated or maintained source)	modified	3	2	public/il/car-insurance-portugal/index.html
published HTML/pages (generated or maintained source)	modified	3	1	public/il/health-insurance-portugal/index.html
published HTML/pages (generated or maintained source)	modified	8	7	public/il/home-insurance-portugal/index.html
published HTML/pages (generated or maintained source)	modified	22	144	public/il/index.html
published HTML/pages (generated or maintained source)	modified	4	3	public/il/liability-insurance-portugal/index.html
published HTML/pages (generated or maintained source)	modified	27	264	public/index.html
source, runtime and data	modified	208	232	public/js/ar-quote-form.js
source, runtime and data	modified	110	26	public/js/quote-health-persons.js
source, runtime and data	modified	1	1	public/js/quote-validators.js
source, runtime and data	modified	7	4	public/js/quote-wizard.js
published HTML/pages (generated or maintained source)	new	68	0	public/nl/autoverzekering-portugal/index.html
published HTML/pages (generated or maintained source)	modified	3	2	public/nl/bedrijfsverzekering-portugal/index.html
published HTML/pages (generated or maintained source)	modified	16	31	public/nl/index.html
published HTML/pages (generated or maintained source)	modified	8	7	public/nl/woonverzekering-portugal/index.html
published HTML/pages (generated or maintained source)	modified	3	1	public/nl/zorgverzekering-portugal/index.html
published HTML/pages (generated or maintained source)	modified	4	3	public/nl/zzp-beroepsaansprakelijkheid-portugal/index.html
published HTML/pages (generated or maintained source)	modified	22	144	public/pl/index.html
published HTML/pages (generated or maintained source)	modified	8	7	public/pl/ubezpieczenie-domu-portugalia/index.html
published HTML/pages (generated or maintained source)	modified	4	3	public/pl/ubezpieczenie-odpowiedzialnosci-cywilnej-portugalia/index.html
published HTML/pages (generated or maintained source)	modified	3	2	public/pl/ubezpieczenie-samochodu-portugalia/index.html
published HTML/pages (generated or maintained source)	modified	3	1	public/pl/ubezpieczenie-zdrowotne-portugalia/index.html
published HTML/pages (generated or maintained source)	modified	4	3	public/se/ansvarsforsakring-portugal/index.html
published HTML/pages (generated or maintained source)	modified	3	2	public/se/bilforsakring-portugal/index.html
published HTML/pages (generated or maintained source)	modified	8	7	public/se/hemforsakring-portugal/index.html
published HTML/pages (generated or maintained source)	modified	22	144	public/se/index.html
published HTML/pages (generated or maintained source)	modified	3	1	public/se/sjukvardsforsakring-portugal/index.html
published HTML/pages (generated or maintained source)	modified	3	2	public/seguros/auto/index.html
published HTML/pages (generated or maintained source)	modified	7	6	public/seguros/habitacao/index.html
published HTML/pages (generated or maintained source)	modified	4	3	public/seguros/responsabilidade-civil-profissional/index.html
published HTML/pages (generated or maintained source)	modified	3	1	public/seguros/saude/index.html
published HTML/pages (generated or maintained source)	modified	3	2	public/zh/car-insurance-portugal/index.html
published HTML/pages (generated or maintained source)	modified	3	1	public/zh/health-insurance-portugal/index.html
published HTML/pages (generated or maintained source)	modified	8	7	public/zh/home-insurance-portugal/index.html
published HTML/pages (generated or maintained source)	modified	22	144	public/zh/index.html
published HTML/pages (generated or maintained source)	modified	4	3	public/zh/liability-insurance-portugal/index.html
source, runtime and data	modified	5	4	scripts/build-car-cluster.mjs
source, runtime and data	modified	4	4	scripts/build-expat-hub.mjs
source, runtime and data	modified	10	10	scripts/build-insurance-review.mjs
source, runtime and data	modified	2	2	scripts/build-location-articles.mjs
source, runtime and data	new	23	0	scripts/build-missing-quotation-pages.mjs
source, runtime and data	modified	7	5	scripts/build-property-cluster.mjs
source, runtime and data	new	21	0	scripts/build-quote-i18n.mjs
source, runtime and data	modified	1	1	scripts/build-spain-articles.mjs
source, runtime and data	modified	1	1	scripts/build-spain-cluster.mjs
source, runtime and data	modified	3	3	scripts/canadian-hub.data.mjs
source, runtime and data	modified	8	8	scripts/car-cluster.data.mjs
source, runtime and data	modified	2	0	scripts/check-i18n-parity.mjs
source, runtime and data	new	16	0	scripts/correct-quotation-forms.mjs
source, runtime and data	modified	2	2	scripts/de-content/anwartschaft.mjs
source, runtime and data	modified	1	1	scripts/de-content/health.mjs
source, runtime and data	modified	1	1	scripts/de-content/home.mjs
source, runtime and data	modified	8	8	scripts/de-content/hub.mjs
source, runtime and data	modified	1	1	scripts/de-content/life.mjs
source, runtime and data	modified	18	18	scripts/de-content/local.mjs
source, runtime and data	modified	2	2	scripts/de-content/motor.mjs
source, runtime and data	modified	1	1	scripts/de-content/moving.mjs
source, runtime and data	modified	5	5	scripts/de-content/phase2.mjs
source, runtime and data	modified	2	2	scripts/de-content/private-clients.mjs
source, runtime and data	modified	1	1	scripts/de-content/therapeuten-wellness.mjs
source, runtime and data	modified	11	11	scripts/expat-hub.data.mjs
tests and browser checks	modified	12	14	scripts/form-payload-test.mjs
source, runtime and data	modified	2	2	scripts/generate-blog.mjs
source, runtime and data	modified	7	5	scripts/generate-de-cluster.mjs
source, runtime and data	modified	3	1	scripts/generate-nl-cluster.mjs
source, runtime and data	modified	3	3	scripts/irish-hub.data.mjs
source, runtime and data	modified	6	3	scripts/lib/market-cluster.mjs
source, runtime and data	new	92	0	scripts/lib/quotation-forms.mjs
source, runtime and data	new	2	0	scripts/lib/quotation-routes.mjs
source, runtime and data	modified	1	1	scripts/lib/spain-chrome.mjs
source, runtime and data	modified	301	500	scripts/lib/terminology-rules.mjs
source, runtime and data	modified	5	5	scripts/location-articles.data.mjs
tests and browser checks	new	60	0	scripts/pre-push-verification.test.mjs
tests and browser checks	modified	15	3	scripts/private-client.test.mjs
source, runtime and data	modified	3	32	scripts/private-client/normalise.mjs
source, runtime and data	modified	2	1	scripts/private-client/render.mjs
source, runtime and data	modified	2	2	scripts/property-cluster.data.mjs
tests and browser checks	new	38	0	scripts/quotation-browser-check.mjs
tests and browser checks	new	62	0	scripts/quotation-corrections.test.mjs
source, runtime and data	modified	1	1	scripts/spain-articles.data.mjs
source, runtime and data	modified	1	1	scripts/spain-cluster.data.mjs
source, runtime and data	modified	8	7	scripts/upgrade-forms.mjs
source, runtime and data	modified	4	4	scripts/us-hub.data.mjs
